membership_number,users_user_id
M10001,1
M10002,2
M10003,3
M10004,4
M10005,5
M10006,6
M10007,7
M10008,8
M10009,9
M10010,10
M10011,11
M10012,12
M10013,13
M10014,14
M10015,15
M10016,16
M10017,17
M10018,18
M10019,19
M10020,20
M10021,21
M10022,22
M10023,23
M10024,24
M10025,25
M10026,26
M10027,27
M10028,28
M10029,29
M10030,30
M10031,31
M10032,32
M10033,33
M10034,34
M10035,35
M10036,36
M10037,37
M10038,38
M10039,39
M10040,40
M10041,41
M10042,42
M10043,43
M10044,44
M10045,45
M10046,46
M10047,47
M10048,48
M10049,49
M10050,50
M10051,51
M10052,52
M10053,53
M10054,54
M10055,55
M10056,56
M10057,57
M10058,58
M10059,59
M10060,60
M10061,61
M10062,62
M10063,63
M10064,64
M10065,65
M10066,66
M10067,67
M10068,68
M10069,69
M10070,70
M10071,71
M10072,72
M10073,73
M10074,74
M10075,75
M10076,76
M10077,77
M10078,78
M10079,79
M10080,80
M10081,81
M10082,82
M10083,83
M10084,84
M10085,85
M10086,86
M10087,87
M10088,88
M10089,89
M10090,90
M10091,91
M10092,92
M10093,93
M10094,94
M10095,95
M10096,96
M10097,97
M10098,98
M10099,99
M10100,100
M10101,101
M10102,102
M10103,103
M10104,104
M10105,105
M10106,106
M10107,107
M10108,108
M10109,109
M10110,110
M10111,111
M10112,112
M10113,113
M10114,114
M10115,115
M10116,116
M10117,117
M10118,118
M10119,119
M10120,120
M10121,121
M10122,122
M10123,123
M10124,124
M10125,125
M10126,126
M10127,127
M10128,128
M10129,129
M10130,130
M10131,131
M10132,132
M10133,133
M10134,134
M10135,135
M10136,136
M10137,137
M10138,138
M10139,139
M10140,140
M10141,141
M10142,142
M10143,143
M10144,144
M10145,145
M10146,146
M10147,147
M10148,148
M10149,149
M10150,150
M10151,151
M10152,152
M10153,153
M10154,154
M10155,155
M10156,156
M10157,157
M10158,158
M10159,159
M10160,160
M10161,161
M10162,162
M10163,163
M10164,164
M10165,165
M10166,166
M10167,167
M10168,168
M10169,169
M10170,170
M10171,171
M10172,172
M10173,173
M10174,174
M10175,175
M10176,176
M10177,177
M10178,178
M10179,179
M10180,180
